FINAL_CLASSIFICATION,n,percentage
Unusual,258834,4.948711658975311
Usual,4971497,95.05128834102469
